{"train/lr": 0.0001, "_timestamp": 1674220360, "_runtime": 403, "_step": 791, "train/loss": 0.30357791880226653, "train/acc": 0.8663682864450127, "test/loss": 0.20563659731708372, "test/acc": 0.9194373401534527}