{"train/lr": 9.987212276214834e-05, "_timestamp": 1674220354, "_runtime": 397, "_step": 785, "train/loss": 0.30357791880226653, "train/acc": 0.8663682864450127, "test/loss": 0.20563659731708372, "test/acc": 0.9194373401534527}